"ID","ISBN","Date","Price","Status","Title","Username","Seller"
"1","697812341156789","2021-10-11","45.0","Delivered","Hansel Gretel","kaif@kaif.com","Rokomari Books"
"2","789787879","2021-10-11","25.0","Refund Issued","Magic of Reality","kaif@kaif.com","Rokomari Books"
"3","123422998811","2021-10-18","135.0","Delivered","Harry Potter and the Philosopher's Stone","kaif@kaif.com","Rokomari Books"
"4","123456789","2021-10-19","450.0","Delivered","The Magic of Reality","kaif@kaif.com","Rokomari Books"
"5","123422998811","2021-10-20","135.0","Delivered","Harry Potter and the Philosopher's Stone","kaif@kaif.com","Rokomari Books"
"6","123456789","2021-10-21","450.0","Delivered","The Magic of Reality","john@john.com","Rokomari Books"
"7","89483984893489","2021-10-21","34.0","Refund Issued","The Alchemist","john@john.com","Admin"
"8","697812341156789","2021-10-21","45.0","Refund Issued","Hansel Gretel","kaif@kaif.com","Rokomari Books"
"10","89483984893489","2021-10-23","34.0","Delivered","This Book","kaif@kaif.com","Admin"
"11","33343434343434","2021-10-23","123.0","Refund Issued","My Life","kaif@kaif.com","Rokomari Books"
